id:l, bfloat16_vector:dense_vector
0,    [1.0, 2.0, 3.0]
1,    [4.0, 5.0, 6.0]
2,    [9.0, 8.0, 7.0]
3,    [0.5390625, 0.3203125, 0.01202392578125]
